Title,Price
Motorola Moto G42 Android 12 Memoria 128 Gb Ram 4 Gb Color Rosa metálico,222.999
Moto G84 5g Color Viva magenta,94.999
Xiaomi Redmi 12C Dual SIM 128 GB 4 GB RAM Gris Grafito,149.999
Xiaomi Redmi Note 13 8gb 256gb Azul,244.999
"Samsung Galaxy A04e 3+64gb 6,5 Pulgadas Octa-core Color Black",179.999
"Apple iPhone SE SE (3ª generación, 64 GB) - Azul medianoche - Distribuidor Autorizado",519.999
 Moto E13 32 GB  blanco 2 GB RAM,523.999
TCL 40 SE 128 GB  twilight purple 4 GB RAM,449.999
TCL 40 SE 256 GB  dark gray 6 GB RAM,339.999
Quantum Q20 128gb 4gb Dual Sim Color Azul,236.499
Samsung Galaxy A54 5G 5G Dual SIM 256 GB  awesome graphite 8 GB RAM,299.999
Celular Motorola E22 4 Gb 64gb Nuevo Modelo Accesorio Regalo,329.999
 Moto G32 128 GB  gris 6 GB RAM,179.999
Samsung Galaxy A14 (MediaTek) 5G Dual SIM 128 GB  silver 4 GB RAM,317.999
Zte Blade A33 Plus 32 GB/2 GB Ram Space Gray,119.999
Moto E22 64gb 4gb Ram Negro,139.899
 Moto G13 128 GB  gris oxford 4 GB RAM,549.999
 Moto G84 5G 256 GB  negro espacial 8 GB RAM,229.999
Celular Samsung Galaxy A04 128gb 4gb Ram Negro,222.999
Xiaomi Redmi 12C Dual SIM 128 GB  4 GB RAM Mint Green,304.999
Celular Kodak Seren D61l 2 Gb 32 Gb Negro,549.999
Celular Liberado Zte Blade A53 Plus 4g 6.52p Gris,449.999
 Moto G32 128 GB  plateado 4 GB RAM,189.999
ZTE Blade A72s 128 GB  gris 3 GB RAM,399.999
Apple iPhone 12 (128 GB) - Negro - Distribuidor autorizado,279.999
Celular Zte Blade V40 Design 128/6gb Sky Blue So,264.129
Tcl 40 Se 128 Gb  Twilight Purple 4 Gb Ram,191.999
 Moto Edge 40 Neo 5G Dual SIM 256 GB  negro 8 GB RAM,229.999
"Samsung Galaxy A04e 3+64gb 6,5 Pulgadas Octa-core Color Light blue",269.999
Smartphone Motorola Edge 30 8gb 50mp Con Nfc Android 12 Color Plata ópalo,380.999
Celular Motorola Moto G14 128/4gb Beige Accesorio De Regalo,219.999
 Moto G13 64 GB  rose gold 4 GB RAM,145.865
Moto G54 5g Color Verde,294.999
Teléfono Celular Tcl 408 (6+64) Gravity Gray Rva,299.999
Celular Samsung Galaxy A23 Pantalla 6.6in 128gb - 5.000 Mah Color Negro,224.999
Celular Zte Blade A72s 128gb 6.75 Gris Color Gris Oscuro,183.399
TCL 40 Series Nxtpaper 256 GB azul 8 GB RAM,155.499
 Moto G23 128 GB  steel blue 4 GB RAM,434.999
Celular Moto G14 128 Gb Rosa 4 Gb Ram,222.999
Motorola Moto G42 Android 12 Memoria 128 Gb Ram 4 Gb Color Verde atlántico,169.999
Moto E22 64g 4gb Ram Azul ,369.999
Samsung Galaxy S20 Fe 128 Gb Cloud Navy 6 Gb Ram Liberado,519.999
 Moto G32 128 GB  rosa metálico 6 GB RAM,352.999
Xiaomi Redmi 10c Dual Sim 128gb  Verde menta 4gb Ram,259.999
Xiaomi Redmi 9a 2gb/32gb Gris Garantia Tienda Oficial Color Gris granito,299.999
 Moto G13 128 GB  rose gold 4 GB RAM,129.999
Celular Liberado Zte Blade A72s 128gb 6.75  Gris,188.613
TCL 40 SE 256 GB  twilight purple 6 GB RAM,244.999
